-- phpMyAdmin SQL Dump
-- version 4.7.0
-- https://www.phpmyadmin.net/
--
-- Host: 127.0.0.1
-- Generation Time: Sep 22, 2020 at 05:16 PM
-- Server version: 10.1.22-MariaDB
-- PHP Version: 7.1.4

SET SQL_MODE = "NO_AUTO_VALUE_ON_ZERO";
SET AUTOCOMMIT = 0;
START TRANSACTION;
SET time_zone = "+00:00";


/*!40101 SET @OLD_CHARACTER_SET_CLIENT=@@CHARACTER_SET_CLIENT */;
/*!40101 SET @OLD_CHARACTER_SET_RESULTS=@@CHARACTER_SET_RESULTS */;
/*!40101 SET @OLD_COLLATION_CONNECTION=@@COLLATION_CONNECTION */;
/*!40101 SET NAMES utf8mb4 */;

--
-- Database: `smartcities_db`
--

-- --------------------------------------------------------

--
-- Table structure for table `ci_sessions`
--

CREATE TABLE `ci_sessions` (
  `id` varchar(40) COLLATE utf8_unicode_ci NOT NULL,
  `ip_address` varchar(45) COLLATE utf8_unicode_ci NOT NULL,
  `timestamp` int(10) UNSIGNED NOT NULL DEFAULT '0',
  `data` blob NOT NULL
) ENGINE=InnoDB DEFAULT CHARSET=utf8 COLLATE=utf8_unicode_ci;

--
-- Dumping data for table `ci_sessions`
--

INSERT INTO `ci_sessions` (`id`, `ip_address`, `timestamp`, `data`) VALUES
('017c45a2e545346b7652a20d0ba66855cfba74d5', '::1', 1600239929, 0x5f5f63695f6c6173745f726567656e65726174657c693a313630303233393932393b6964656e746974797c733a32323a2276696e68616e31367365703140676d61696c2e636f6d223b656d61696c7c733a32323a2276696e68616e31367365703140676d61696c2e636f6d223b757365725f69647c733a313a2233223b6f6c645f6c6173745f6c6f67696e7c733a31303a2231363030313833393736223b6c6173745f636865636b7c693a313630303233333639313b),
('01ea3c5e12facd5cad7a2f6ad5576101d049307a', '::1', 1600241489, 0x5f5f63695f6c6173745f726567656e65726174657c693a313630303234313438393b6964656e746974797c733a32323a2276696e68616e31367365703140676d61696c2e636f6d223b656d61696c7c733a32323a2276696e68616e31367365703140676d61696c2e636f6d223b757365725f69647c733a313a2233223b6f6c645f6c6173745f6c6f67696e7c733a31303a2231363030323333363931223b6c6173745f636865636b7c693a313630303233393933333b),
('028a865127614b5754c39ca7673fc070aafbb708', '::1', 1600185209, 0x5f5f63695f6c6173745f726567656e65726174657c693a313630303138353230393b6964656e746974797c733a32323a2276696e68616e31367365703140676d61696c2e636f6d223b656d61696c7c733a32323a2276696e68616e31367365703140676d61696c2e636f6d223b757365725f69647c733a313a2233223b6f6c645f6c6173745f6c6f67696e7c733a31303a2231363030303938303837223b6c6173745f636865636b7c693a313630303138333937363b6d6573736167657c733a32353a224974656d2075706461746564207375636365737366756c6c79223b5f5f63695f766172737c613a313a7b733a373a226d657373616765223b733a333a226f6c64223b7d),
('0a151e1409ecc313e835797736e492dc8c7b56e7', '::1', 1600185996, 0x5f5f63695f6c6173745f726567656e65726174657c693a313630303138353939363b6964656e746974797c733a32323a2276696e68616e31367365703140676d61696c2e636f6d223b656d61696c7c733a32323a2276696e68616e31367365703140676d61696c2e636f6d223b757365725f69647c733a313a2233223b6f6c645f6c6173745f6c6f67696e7c733a31303a2231363030303938303837223b6c6173745f636865636b7c693a313630303138333937363b),
('0b1bd8b5b008f8d8347e9461db1b02c92acf8f4d', '::1', 1600240328, 0x5f5f63695f6c6173745f726567656e65726174657c693a313630303234303332383b6964656e746974797c733a32323a2276696e68616e31367365703140676d61696c2e636f6d223b656d61696c7c733a32323a2276696e68616e31367365703140676d61696c2e636f6d223b757365725f69647c733a313a2233223b6f6c645f6c6173745f6c6f67696e7c733a31303a2231363030323333363931223b6c6173745f636865636b7c693a313630303233393933333b),
('0f7933fb7e20223d082aed65bd8ebccd8df39282', '::1', 1600534416, 0x5f5f63695f6c6173745f726567656e65726174657c693a313630303533343431363b6964656e746974797c733a32323a2276696e68616e31367365703340676d61696c2e636f6d223b656d61696c7c733a32323a2276696e68616e31367365703340676d61696c2e636f6d223b757365725f69647c733a313a2235223b6f6c645f6c6173745f6c6f67696e7c4e3b6c6173745f636865636b7c693a313630303533313530323b),
('0r21jps5bk5jlt12h58f7q95j2mq2tek', '127.0.0.1', 1600784840, 0x5f5f63695f6c6173745f726567656e65726174657c693a313630303738343834303b6964656e746974797c733a32323a2276696e68616e31367365703340676d61696c2e636f6d223b656d61696c7c733a32323a2276696e68616e31367365703340676d61696c2e636f6d223b757365725f69647c733a313a2235223b6f6c645f6c6173745f6c6f67696e7c733a31303a2231363030373631323232223b6c6173745f636865636b7c693a313630303736393736383b),
('108dac596ff58479ef5cf5fb9ec2c84ec48835cb', '::1', 1599986773, 0x5f5f63695f6c6173745f726567656e65726174657c693a313539393938363737333b6c616e67416262726576696174696f6e7c733a323a227669223b6964656e746974797c733a32313a2276696e68616e313673657040676d61696c2e636f6d223b656d61696c7c733a32313a2276696e68616e313673657040676d61696c2e636f6d223b757365725f69647c733a313a2232223b6f6c645f6c6173745f6c6f67696e7c4e3b6c6173745f636865636b7c693a313539393938353334303b),
('12a34664daaad64e16ce6d6b1eb4f8f9adfe2117', '::1', 1600359293, 0x5f5f63695f6c6173745f726567656e65726174657c693a313630303335393239333b),
('12d392bb000ea46390d6bed71ac0ce8c759d742c', '::1', 1600532380, 0x5f5f63695f6c6173745f726567656e65726174657c693a313630303533323338303b6964656e746974797c733a32323a2276696e68616e31367365703340676d61696c2e636f6d223b656d61696c7c733a32323a2276696e68616e31367365703340676d61696c2e636f6d223b757365725f69647c733a313a2235223b6f6c645f6c6173745f6c6f67696e7c4e3b6c6173745f636865636b7c693a313630303533313530323b),
('1343ihocfte4d8lvu6r7v15tb903nn4u', '127.0.0.1', 1600779011, 0x5f5f63695f6c6173745f726567656e65726174657c693a313630303737393031313b6964656e746974797c733a32323a2276696e68616e31367365703340676d61696c2e636f6d223b656d61696c7c733a32323a2276696e68616e31367365703340676d61696c2e636f6d223b757365725f69647c733a313a2235223b6f6c645f6c6173745f6c6f67696e7c733a31303a2231363030373631323232223b6c6173745f636865636b7c693a313630303736393736383b),
('1bbd74350186ddb52350617f7918b0773d9c18cc', '::1', 1599985331, 0x5f5f63695f6c6173745f726567656e65726174657c693a313539393938353333313b72656769737465725f737563636573737c733a34363a223c703e54c3a069206b686fe1baa36e20c491c3a320c491c6b0e1bba363206bc3ad636820686fe1baa1743c2f703e223b5f5f63695f766172737c613a313a7b733a31363a2272656769737465725f73756363657373223b733a333a226f6c64223b7d),
('1d50f351c7a5acaa33d5e74d576e076959dc83c7', '::1', 1600098087, 0x5f5f63695f6c6173745f726567656e65726174657c693a313630303039383038373b6964656e746974797c733a32323a2276696e68616e31367365703140676d61696c2e636f6d223b656d61696c7c733a32323a2276696e68616e31367365703140676d61696c2e636f6d223b757365725f69647c733a313a2233223b6f6c645f6c6173745f6c6f67696e7c4e3b6c6173745f636865636b7c693a313630303039383038373b),
('207bcccd6070b46c2e84d7bf7bc115f8c4710b96', '::1', 1600765515, 0x5f5f63695f6c6173745f726567656e65726174657c693a313630303736353530383b6964656e746974797c733a32323a2276696e68616e31367365703340676d61696c2e636f6d223b656d61696c7c733a32323a2276696e68616e31367365703340676d61696c2e636f6d223b757365725f69647c733a313a2235223b6f6c645f6c6173745f6c6f67696e7c733a31303a2231363030373631313430223b6c6173745f636865636b7c693a313630303736313232323b),
('26974533cea23e757c787dfacbbc07dff40eea02', '::1', 1600242154, 0x5f5f63695f6c6173745f726567656e65726174657c693a313630303234323135343b6964656e746974797c733a32323a2276696e68616e31367365703140676d61696c2e636f6d223b656d61696c7c733a32323a2276696e68616e31367365703140676d61696c2e636f6d223b757365725f69647c733a313a2233223b6f6c645f6c6173745f6c6f67696e7c733a31303a2231363030323333363931223b6c6173745f636865636b7c693a313630303233393933333b),
('2bac850057abd90e4c182bd265f200e6853d8ca2', '::1', 1600743047, 0x5f5f63695f6c6173745f726567656e65726174657c693a313630303734333034373b6964656e746974797c733a32323a2276696e68616e31367365703340676d61696c2e636f6d223b656d61696c7c733a32323a2276696e68616e31367365703340676d61696c2e636f6d223b757365725f69647c733a313a2235223b6f6c645f6c6173745f6c6f67696e7c733a31303a2231363030353331353032223b6c6173745f636865636b7c693a313630303734313531323b),
('2ed0bd88a1f291098d63c038fde91342c2775919', '::1', 1600187895, 0x5f5f63695f6c6173745f726567656e65726174657c693a313630303138373838333b6964656e746974797c733a32323a2276696e68616e31367365703140676d61696c2e636f6d223b656d61696c7c733a32323a2276696e68616e31367365703140676d61696c2e636f6d223b757365725f69647c733a313a2233223b6f6c645f6c6173745f6c6f67696e7c733a31303a2231363030303938303837223b6c6173745f636865636b7c693a313630303138333937363b),
('2efue5dhf9pnskm0585ai76gp9vk3fd3', '127.0.0.1', 1600784028, 0x5f5f63695f6c6173745f726567656e65726174657c693a313630303738343032383b6964656e746974797c733a32323a2276696e68616e31367365703340676d61696c2e636f6d223b656d61696c7c733a32323a2276696e68616e31367365703340676d61696c2e636f6d223b757365725f69647c733a313a2235223b6f6c645f6c6173745f6c6f67696e7c733a31303a2231363030373631323232223b6c6173745f636865636b7c693a313630303736393736383b),
('319b5a5e211c7867c6e7563c850bcb48dc0ee040', '::1', 1600761222, 0x5f5f63695f6c6173745f726567656e65726174657c693a313630303736313232323b6964656e746974797c733a32323a2276696e68616e31367365703340676d61696c2e636f6d223b656d61696c7c733a32323a2276696e68616e31367365703340676d61696c2e636f6d223b757365725f69647c733a313a2235223b6f6c645f6c6173745f6c6f67696e7c733a31303a2231363030373631313430223b6c6173745f636865636b7c693a313630303736313232323b),
('35447d5ee7da4653a56e90aba8801361ef5e78de', '::1', 1600233691, 0x5f5f63695f6c6173745f726567656e65726174657c693a313630303233333639313b6964656e746974797c733a32323a2276696e68616e31367365703140676d61696c2e636f6d223b656d61696c7c733a32323a2276696e68616e31367365703140676d61696c2e636f6d223b757365725f69647c733a313a2233223b6f6c645f6c6173745f6c6f67696e7c733a31303a2231363030313833393736223b6c6173745f636865636b7c693a313630303233333639313b),
('3a945324d888aa35686e3a5ad8454d2a047e848a', '::1', 1600184625, 0x5f5f63695f6c6173745f726567656e65726174657c693a313630303138343632353b6964656e746974797c733a32323a2276696e68616e31367365703140676d61696c2e636f6d223b656d61696c7c733a32323a2276696e68616e31367365703140676d61696c2e636f6d223b757365725f69647c733a313a2233223b6f6c645f6c6173745f6c6f67696e7c733a31303a2231363030303938303837223b6c6173745f636865636b7c693a313630303138333937363b),
('3d245a5a540381d4cc58278d58c58600a9cf5550', '::1', 1600098058, 0x5f5f63695f6c6173745f726567656e65726174657c693a313630303039383035383b6964656e746974797c733a32313a2276696e68616e313673657040676d61696c2e636f6d223b656d61696c7c733a32313a2276696e68616e313673657040676d61696c2e636f6d223b757365725f69647c733a313a2232223b6f6c645f6c6173745f6c6f67696e7c733a31303a2231353939393835333430223b6c6173745f636865636b7c693a313630303039363735363b72656769737465725f737563636573737c733a3231383a2243e1baa36d20c6a16e2051c3ba792043c3b46e6720747920c491c3a320c491c4836e67206bc3bd207468616d20676961204368c6b0c6a16e67207472c3ac6e682044616e68206869e1bb87752053616f204b6875c3aa20323032302e0a202020202020202020202020202020202020202020202020202020202020202020202020202020202020202020202020567569206cc3b26e6720747275792063e1baad7020656d61696c20c491e1bb83206bc3ad636820686fe1baa1742074c3a069206b686fe1baa36e2076c3a0206b6861692068e1bb932073c6a12e223b5f5f63695f766172737c613a313a7b733a31363a2272656769737465725f73756363657373223b733a333a226f6c64223b7d),
('3dc8ce371135f164d7d7889ce867fb90dd03f606', '::1', 1599988409, 0x5f5f63695f6c6173745f726567656e65726174657c693a313539393938383430383b6c616e67416262726576696174696f6e7c733a323a227669223b6964656e746974797c733a32313a2276696e68616e313673657040676d61696c2e636f6d223b656d61696c7c733a32313a2276696e68616e313673657040676d61696c2e636f6d223b757365725f69647c733a313a2232223b6f6c645f6c6173745f6c6f67696e7c4e3b6c6173745f636865636b7c693a313539393938353334303b),
('3f6584020102d447b6ca268d182571f6c6417f22', '::1', 1600186693, 0x5f5f63695f6c6173745f726567656e65726174657c693a313630303138363639333b6964656e746974797c733a32323a2276696e68616e31367365703140676d61696c2e636f6d223b656d61696c7c733a32323a2276696e68616e31367365703140676d61696c2e636f6d223b757365725f69647c733a313a2233223b6f6c645f6c6173745f6c6f67696e7c733a31303a2231363030303938303837223b6c6173745f636865636b7c693a313630303138333937363b),
('4645e347520e599fc68a6cc642afe81cd5c4e933', '::1', 1600187883, 0x5f5f63695f6c6173745f726567656e65726174657c693a313630303138373838333b6964656e746974797c733a32323a2276696e68616e31367365703140676d61696c2e636f6d223b656d61696c7c733a32323a2276696e68616e31367365703140676d61696c2e636f6d223b757365725f69647c733a313a2233223b6f6c645f6c6173745f6c6f67696e7c733a31303a2231363030303938303837223b6c6173745f636865636b7c693a313630303138333937363b),
('4e0488f211bdd086988b196af99f91fe4d888d6b', '::1', 1600530707, 0x5f5f63695f6c6173745f726567656e65726174657c693a313630303533303730373b6964656e746974797c733a32323a2276696e68616e31367365703140676d61696c2e636f6d223b656d61696c7c733a32323a2276696e68616e31367365703140676d61696c2e636f6d223b757365725f69647c733a313a2233223b6f6c645f6c6173745f6c6f67696e7c733a31303a2231363030323730353730223b6c6173745f636865636b7c693a313630303533303237383b),
('55f22fe186a532c055031fde860dd567de7e02ba', '::1', 1600100018, 0x5f5f63695f6c6173745f726567656e65726174657c693a313630303130303031383b6964656e746974797c733a32323a2276696e68616e31367365703140676d61696c2e636f6d223b656d61696c7c733a32323a2276696e68616e31367365703140676d61696c2e636f6d223b757365725f69647c733a313a2233223b6f6c645f6c6173745f6c6f67696e7c4e3b6c6173745f636865636b7c693a313630303039383038373b),
('57f9b63a386f6aa745008874945454d285307436', '::1', 1600534652, 0x5f5f63695f6c6173745f726567656e65726174657c693a313630303533343431363b6964656e746974797c733a32323a2276696e68616e31367365703340676d61696c2e636f6d223b656d61696c7c733a32323a2276696e68616e31367365703340676d61696c2e636f6d223b757365725f69647c733a313a2235223b6f6c645f6c6173745f6c6f67696e7c4e3b6c6173745f636865636b7c693a313630303533313530323b),
('5837040e959bde0bac924793e6b780f0cbf1f278', '::1', 1600592024, 0x5f5f63695f6c6173745f726567656e65726174657c693a313630303539323032343b6964656e746974797c733a32313a2276696e68616e313673657040676d61696c2e636f6d223b656d61696c7c733a32313a2276696e68616e313673657040676d61696c2e636f6d223b757365725f69647c733a313a2232223b6f6c645f6c6173745f6c6f67696e7c733a31303a2231363030303936373536223b6c6173745f636865636b7c693a313630303539323032343b),
('590b47c3ce774c1cdff3921295dd8dff75315118', '::1', 1599988014, 0x5f5f63695f6c6173745f726567656e65726174657c693a313539393938383031343b6c616e67416262726576696174696f6e7c733a323a227669223b6964656e746974797c733a32313a2276696e68616e313673657040676d61696c2e636f6d223b656d61696c7c733a32313a2276696e68616e313673657040676d61696c2e636f6d223b757365725f69647c733a313a2232223b6f6c645f6c6173745f6c6f67696e7c4e3b6c6173745f636865636b7c693a313539393938353334303b),
('5edb642cb0c62d0464211f03607433157d39d8d8', '::1', 1600185651, 0x5f5f63695f6c6173745f726567656e65726174657c693a313630303138353635313b6964656e746974797c733a32323a2276696e68616e31367365703140676d61696c2e636f6d223b656d61696c7c733a32323a2276696e68616e31367365703140676d61696c2e636f6d223b757365725f69647c733a313a2233223b6f6c645f6c6173745f6c6f67696e7c733a31303a2231363030303938303837223b6c6173745f636865636b7c693a313630303138333937363b6d6573736167657c733a32353a224974656d2075706461746564207375636365737366756c6c79223b5f5f63695f766172737c613a313a7b733a373a226d657373616765223b733a333a226f6c64223b7d),
('5f476fa03d577d37d1d726da01e539fcde2d0532', '::1', 1600235585, 0x5f5f63695f6c6173745f726567656e65726174657c693a313630303233353538353b6964656e746974797c733a32323a2276696e68616e31367365703140676d61696c2e636f6d223b656d61696c7c733a32323a2276696e68616e31367365703140676d61696c2e636f6d223b757365725f69647c733a313a2233223b6f6c645f6c6173745f6c6f67696e7c733a31303a2231363030313833393736223b6c6173745f636865636b7c693a313630303233333639313b),
('609vrckrlsai7dim2t9725aq0rngs44u', '127.0.0.1', 1600780103, 0x5f5f63695f6c6173745f726567656e65726174657c693a313630303738303130333b6964656e746974797c733a32323a2276696e68616e31367365703340676d61696c2e636f6d223b656d61696c7c733a32323a2276696e68616e31367365703340676d61696c2e636f6d223b757365725f69647c733a313a2235223b6f6c645f6c6173745f6c6f67696e7c733a31303a2231363030373631323232223b6c6173745f636865636b7c693a313630303736393736383b),
('63a0b93099b1d65c9c9a3704fe5de0d1781e656c', '::1', 1600242157, 0x5f5f63695f6c6173745f726567656e65726174657c693a313630303234323135343b6964656e746974797c733a32323a2276696e68616e31367365703140676d61696c2e636f6d223b656d61696c7c733a32323a2276696e68616e31367365703140676d61696c2e636f6d223b757365725f69647c733a313a2233223b6f6c645f6c6173745f6c6f67696e7c733a31303a2231363030323333363931223b6c6173745f636865636b7c693a313630303233393933333b),
('65bbafb6a8e6229e573a6b181eee192ccf5d3785', '::1', 1600271039, 0x5f5f63695f6c6173745f726567656e65726174657c693a313630303237303933363b6964656e746974797c733a32323a2276696e68616e31367365703140676d61696c2e636f6d223b656d61696c7c733a32323a2276696e68616e31367365703140676d61696c2e636f6d223b757365725f69647c733a313a2233223b6f6c645f6c6173745f6c6f67696e7c733a31303a2231363030323339393333223b6c6173745f636865636b7c693a313630303237303537303b),
('6c8f1cfc0f61fb93e79fac5338c5c954fa571b42', '::1', 1600270570, 0x5f5f63695f6c6173745f726567656e65726174657c693a313630303237303537303b6964656e746974797c733a32323a2276696e68616e31367365703140676d61696c2e636f6d223b656d61696c7c733a32323a2276696e68616e31367365703140676d61696c2e636f6d223b757365725f69647c733a313a2233223b6f6c645f6c6173745f6c6f67696e7c733a31303a2231363030323339393333223b6c6173745f636865636b7c693a313630303237303537303b),
('6uh1n6783t3v0frqj16im3nlo606bc7q', '127.0.0.1', 1600770991, 0x5f5f63695f6c6173745f726567656e65726174657c693a313630303737303939313b6964656e746974797c733a32323a2276696e68616e31367365703340676d61696c2e636f6d223b656d61696c7c733a32323a2276696e68616e31367365703340676d61696c2e636f6d223b757365725f69647c733a313a2235223b6f6c645f6c6173745f6c6f67696e7c733a31303a2231363030373631323232223b6c6173745f636865636b7c693a313630303736393736383b),
('71rqpiql4sodln5ui3g0gb395isr3nb4', '127.0.0.1', 1600770656, 0x5f5f63695f6c6173745f726567656e65726174657c693a313630303737303635363b6964656e746974797c733a32323a2276696e68616e31367365703340676d61696c2e636f6d223b656d61696c7c733a32323a2276696e68616e31367365703340676d61696c2e636f6d223b757365725f69647c733a313a2235223b6f6c645f6c6173745f6c6f67696e7c733a31303a2231363030373631323232223b6c6173745f636865636b7c693a313630303736393736383b),
('723dfd2f876df8fd0781485c4bc3fdc1a601a222', '::1', 1599988408, 0x5f5f63695f6c6173745f726567656e65726174657c693a313539393938383430383b6c616e67416262726576696174696f6e7c733a323a227669223b6964656e746974797c733a32313a2276696e68616e313673657040676d61696c2e636f6d223b656d61696c7c733a32313a2276696e68616e313673657040676d61696c2e636f6d223b757365725f69647c733a313a2232223b6f6c645f6c6173745f6c6f67696e7c4e3b6c6173745f636865636b7c693a313539393938353334303b),
('72vq5aa1ofv5n2qvt5smbvovulgp0ath', '127.0.0.1', 1600771932, 0x5f5f63695f6c6173745f726567656e65726174657c693a313630303737313933323b6964656e746974797c733a32323a2276696e68616e31367365703340676d61696c2e636f6d223b656d61696c7c733a32323a2276696e68616e31367365703340676d61696c2e636f6d223b757365725f69647c733a313a2235223b6f6c645f6c6173745f6c6f67696e7c733a31303a2231363030373631323232223b6c6173745f636865636b7c693a313630303736393736383b),
('75ab4233b8ee8aad37f2c3970afc03fc8fefa29f', '::1', 1600761140, 0x5f5f63695f6c6173745f726567656e65726174657c693a313630303736313134303b6964656e746974797c733a32323a2276696e68616e31367365703340676d61696c2e636f6d223b656d61696c7c733a32323a2276696e68616e31367365703340676d61696c2e636f6d223b757365725f69647c733a313a2235223b6f6c645f6c6173745f6c6f67696e7c733a31303a2231363030373431353132223b6c6173745f636865636b7c693a313630303736313134303b),
('784284ace80c8615a084ce5731b544a64d55c65c', '::1', 1600533949, 0x5f5f63695f6c6173745f726567656e65726174657c693a313630303533333934393b6964656e746974797c733a32323a2276696e68616e31367365703340676d61696c2e636f6d223b656d61696c7c733a32323a2276696e68616e31367365703340676d61696c2e636f6d223b757365725f69647c733a313a2235223b6f6c645f6c6173745f6c6f67696e7c4e3b6c6173745f636865636b7c693a313630303533313530323b),
('7d99a7bfca2d6840140dd8610b361f59a73ed7d7', '::1', 1600530278, 0x5f5f63695f6c6173745f726567656e65726174657c693a313630303533303237383b6964656e746974797c733a32323a2276696e68616e31367365703140676d61696c2e636f6d223b656d61696c7c733a32323a2276696e68616e31367365703140676d61696c2e636f6d223b757365725f69647c733a313a2233223b6f6c645f6c6173745f6c6f67696e7c733a31303a2231363030323730353730223b6c6173745f636865636b7c693a313630303533303237383b),
('7dd717e0dbd0cc059e9dd379971d2a1339b45188', '::1', 1600742378, 0x5f5f63695f6c6173745f726567656e65726174657c693a313630303734323337383b6964656e746974797c733a32323a2276696e68616e31367365703340676d61696c2e636f6d223b656d61696c7c733a32323a2276696e68616e31367365703340676d61696c2e636f6d223b757365725f69647c733a313a2235223b6f6c645f6c6173745f6c6f67696e7c733a31303a2231363030353331353032223b6c6173745f636865636b7c693a313630303734313531323b),
('7e0c5f042feed4ce6e2b03b5eb443ae52abcab39', '::1', 1600741316, 0x5f5f63695f6c6173745f726567656e65726174657c693a313630303734313331363b6964656e746974797c733a32313a2276696e68616e313673657040676d61696c2e636f6d223b656d61696c7c733a32313a2276696e68616e313673657040676d61696c2e636f6d223b757365725f69647c733a313a2232223b6f6c645f6c6173745f6c6f67696e7c733a31303a2231363030363936363834223b6c6173745f636865636b7c693a313630303734313331363b),
('8af8da3cc0016917d12fd6769668da587d931a29', '::1', 1600239933, 0x5f5f63695f6c6173745f726567656e65726174657c693a313630303233393933333b6964656e746974797c733a32323a2276696e68616e31367365703140676d61696c2e636f6d223b656d61696c7c733a32323a2276696e68616e31367365703140676d61696c2e636f6d223b757365725f69647c733a313a2233223b6f6c645f6c6173745f6c6f67696e7c733a31303a2231363030323333363931223b6c6173745f636865636b7c693a313630303233393933333b),
('8c505e7c532a1d4a1e7c918784f9f50b6b48da0e', '::1', 1600741473, 0x5f5f63695f6c6173745f726567656e65726174657c693a313630303734313437333b6964656e746974797c733a32323a2276696e68616e31367365703140676d61696c2e636f6d223b656d61696c7c733a32323a2276696e68616e31367365703140676d61696c2e636f6d223b757365725f69647c733a313a2233223b6f6c645f6c6173745f6c6f67696e7c733a31303a2231363030353330373037223b6c6173745f636865636b7c693a313630303734313437333b),
('8ca35dd9b8360f3cac1d3e8b2536f147d7ede320', '::1', 1599987108, 0x5f5f63695f6c6173745f726567656e65726174657c693a313539393938373130383b6c616e67416262726576696174696f6e7c733a323a227669223b6964656e746974797c733a32313a2276696e68616e313673657040676d61696c2e636f6d223b656d61696c7c733a32313a2276696e68616e313673657040676d61696c2e636f6d223b757365725f69647c733a313a2232223b6f6c645f6c6173745f6c6f67696e7c4e3b6c6173745f636865636b7c693a313539393938353334303b),
('8lqmj5hrala7cf7cql2imhb5jtaasf7l', '127.0.0.1', 1600785990, 0x5f5f63695f6c6173745f726567656e65726174657c693a313630303738353939303b6964656e746974797c733a32323a2276696e68616e31367365703340676d61696c2e636f6d223b656d61696c7c733a32323a2276696e68616e31367365703340676d61696c2e636f6d223b757365725f69647c733a313a2235223b6f6c645f6c6173745f6c6f67696e7c733a31303a2231363030373631323232223b6c6173745f636865636b7c693a313630303736393736383b),
('91a0f380ad6d87faa592dc4bc37413ccdb9d39d6', '::1', 1600183976, 0x5f5f63695f6c6173745f726567656e65726174657c693a313630303138333937363b6964656e746974797c733a32323a2276696e68616e31367365703140676d61696c2e636f6d223b656d61696c7c733a32323a2276696e68616e31367365703140676d61696c2e636f6d223b757365725f69647c733a313a2233223b6f6c645f6c6173745f6c6f67696e7c733a31303a2231363030303938303837223b6c6173745f636865636b7c693a313630303138333937363b),
('9770ca8736cdb1a9d461ff1975ed2b106fc3315e', '::1', 1600592055, 0x5f5f63695f6c6173745f726567656e65726174657c693a313630303539323032343b6964656e746974797c733a32313a2276696e68616e313673657040676d61696c2e636f6d223b656d61696c7c733a32313a2276696e68616e313673657040676d61696c2e636f6d223b757365725f69647c733a313a2232223b6f6c645f6c6173745f6c6f67696e7c733a31303a2231363030303936373536223b6c6173745f636865636b7c693a313630303539323032343b),
('a2auqfick4c46m4h5vbvf2aplbap3d8f', '127.0.0.1', 1600781479, 0x5f5f63695f6c6173745f726567656e65726174657c693a313630303738313437393b6964656e746974797c733a32323a2276696e68616e31367365703340676d61696c2e636f6d223b656d61696c7c733a32323a2276696e68616e31367365703340676d61696c2e636f6d223b757365725f69647c733a313a2235223b6f6c645f6c6173745f6c6f67696e7c733a31303a2231363030373631323232223b6c6173745f636865636b7c693a313630303736393736383b),
('a4ce01b3ee66000f65300d1b24229c8e9a81b426', '::1', 1600184286, 0x5f5f63695f6c6173745f726567656e65726174657c693a313630303138343238363b6964656e746974797c733a32323a2276696e68616e31367365703140676d61696c2e636f6d223b656d61696c7c733a32323a2276696e68616e31367365703140676d61696c2e636f6d223b757365725f69647c733a313a2233223b6f6c645f6c6173745f6c6f67696e7c733a31303a2231363030303938303837223b6c6173745f636865636b7c693a313630303138333937363b),
('a9a236a27d616cc1552935bb3c08a60a9c030c83', '::1', 1600097240, 0x5f5f63695f6c6173745f726567656e65726174657c693a313630303039373234303b6964656e746974797c733a32313a2276696e68616e313673657040676d61696c2e636f6d223b656d61696c7c733a32313a2276696e68616e313673657040676d61696c2e636f6d223b757365725f69647c733a313a2232223b6f6c645f6c6173745f6c6f67696e7c733a31303a2231353939393835333430223b6c6173745f636865636b7c693a313630303039363735363b),
('ac54977ac17c61d5dfb1ab918d8c432f78a4fb32', '::1', 1600743666, 0x5f5f63695f6c6173745f726567656e65726174657c693a313630303734333636363b6964656e746974797c733a32323a2276696e68616e31367365703340676d61696c2e636f6d223b656d61696c7c733a32323a2276696e68616e31367365703340676d61696c2e636f6d223b757365725f69647c733a313a2235223b6f6c645f6c6173745f6c6f67696e7c733a31303a2231363030353331353032223b6c6173745f636865636b7c693a313630303734313531323b),
('an5rk06gu1a1vq2hs7dn55pd82igds0v', '127.0.0.1', 1600786720, 0x5f5f63695f6c6173745f726567656e65726174657c693a313630303738363732303b6964656e746974797c733a32323a2276696e68616e31367365703340676d61696c2e636f6d223b656d61696c7c733a32323a2276696e68616e31367365703340676d61696c2e636f6d223b757365725f69647c733a313a2235223b6f6c645f6c6173745f6c6f67696e7c733a31303a2231363030373631323232223b6c6173745f636865636b7c693a313630303736393736383b),
('b3d3cc1885b0bc0582bbfce5b6ccd9b3fc33bcea', '::1', 1600096756, 0x5f5f63695f6c6173745f726567656e65726174657c693a313630303039363735363b6964656e746974797c733a32313a2276696e68616e313673657040676d61696c2e636f6d223b656d61696c7c733a32313a2276696e68616e313673657040676d61696c2e636f6d223b757365725f69647c733a313a2232223b6f6c645f6c6173745f6c6f67696e7c733a31303a2231353939393835333430223b6c6173745f636865636b7c693a313630303039363735363b),
('b4515c0a144b12227b37b5cddae99f3eaafc58cb', '::1', 1600240947, 0x5f5f63695f6c6173745f726567656e65726174657c693a313630303234303934373b6964656e746974797c733a32323a2276696e68616e31367365703140676d61696c2e636f6d223b656d61696c7c733a32323a2276696e68616e31367365703140676d61696c2e636f6d223b757365725f69647c733a313a2233223b6f6c645f6c6173745f6c6f67696e7c733a31303a2231363030323333363931223b6c6173745f636865636b7c693a313630303233393933333b),
('b6434dd218d979083f7b8e41afcf0e4ce6695c19', '::1', 1600531502, 0x5f5f63695f6c6173745f726567656e65726174657c693a313630303533313530323b6964656e746974797c733a32323a2276696e68616e31367365703340676d61696c2e636f6d223b656d61696c7c733a32323a2276696e68616e31367365703340676d61696c2e636f6d223b757365725f69647c733a313a2235223b6f6c645f6c6173745f6c6f67696e7c4e3b6c6173745f636865636b7c693a313630303533313530323b),
('b6827b51a11e1ef23fc8c9e12463953fb7872cad', '::1', 1599987497, 0x5f5f63695f6c6173745f726567656e65726174657c693a313539393938373439373b6c616e67416262726576696174696f6e7c733a323a227669223b6964656e746974797c733a32313a2276696e68616e313673657040676d61696c2e636f6d223b656d61696c7c733a32313a2276696e68616e313673657040676d61696c2e636f6d223b757365725f69647c733a313a2232223b6f6c645f6c6173745f6c6f67696e7c4e3b6c6173745f636865636b7c693a313539393938353334303b),
('b6915b53019c44b564d1acec623a7ca027dd70d5', '::1', 1600762713, 0x5f5f63695f6c6173745f726567656e65726174657c693a313630303736323731333b6964656e746974797c733a32323a2276696e68616e31367365703340676d61696c2e636f6d223b656d61696c7c733a32323a2276696e68616e31367365703340676d61696c2e636f6d223b757365725f69647c733a313a2235223b6f6c645f6c6173745f6c6f67696e7c733a31303a2231363030373631313430223b6c6173745f636865636b7c693a313630303736313232323b6d6573736167657c733a32353a224974656d2075706461746564207375636365737366756c6c79223b5f5f63695f766172737c613a313a7b733a373a226d657373616765223b733a333a226f6c64223b7d),
('b6cb205169bb31fba0ce3c842dca74a1294939ed', '::1', 1599985340, 0x5f5f63695f6c6173745f726567656e65726174657c693a313539393938353334303b6c616e67416262726576696174696f6e7c733a323a227669223b6964656e746974797c733a32313a2276696e68616e313673657040676d61696c2e636f6d223b656d61696c7c733a32313a2276696e68616e313673657040676d61696c2e636f6d223b757365725f69647c733a313a2232223b6f6c645f6c6173745f6c6f67696e7c4e3b6c6173745f636865636b7c693a313539393938353334303b),
('b9a1l0kg532fpc7d57onb9c4b51oskv4', '127.0.0.1', 1600786419, 0x5f5f63695f6c6173745f726567656e65726174657c693a313630303738363431393b6964656e746974797c733a32323a2276696e68616e31367365703340676d61696c2e636f6d223b656d61696c7c733a32323a2276696e68616e31367365703340676d61696c2e636f6d223b757365725f69647c733a313a2235223b6f6c645f6c6173745f6c6f67696e7c733a31303a2231363030373631323232223b6c6173745f636865636b7c693a313630303736393736383b),
('b9d96a068b49ea49ef7cf772546f4c21fe62ded8', '::1', 1600761939, 0x5f5f63695f6c6173745f726567656e65726174657c693a313630303736313933393b6964656e746974797c733a32323a2276696e68616e31367365703340676d61696c2e636f6d223b656d61696c7c733a32323a2276696e68616e31367365703340676d61696c2e636f6d223b757365725f69647c733a313a2235223b6f6c645f6c6173745f6c6f67696e7c733a31303a2231363030373631313430223b6c6173745f636865636b7c693a313630303736313232323b6d6573736167657c733a32353a224974656d2075706461746564207375636365737366756c6c79223b5f5f63695f766172737c613a313a7b733a373a226d657373616765223b733a333a226f6c64223b7d),
('babc2203f84e630f8f862ee2254f7ddb1e19ad44', '::1', 1600270936, 0x5f5f63695f6c6173745f726567656e65726174657c693a313630303237303933363b6964656e746974797c733a32323a2276696e68616e31367365703140676d61696c2e636f6d223b656d61696c7c733a32323a2276696e68616e31367365703140676d61696c2e636f6d223b757365725f69647c733a313a2233223b6f6c645f6c6173745f6c6f67696e7c733a31303a2231363030323339393333223b6c6173745f636865636b7c693a313630303237303537303b),
('bk5rkb8lh4qr15gnc3ki377l7s51hv0c', '127.0.0.1', 1600770100, 0x5f5f63695f6c6173745f726567656e65726174657c693a313630303737303130303b6964656e746974797c733a32323a2276696e68616e31367365703340676d61696c2e636f6d223b656d61696c7c733a32323a2276696e68616e31367365703340676d61696c2e636f6d223b757365725f69647c733a313a2235223b6f6c645f6c6173745f6c6f67696e7c733a31303a2231363030373631323232223b6c6173745f636865636b7c693a313630303736393736383b),
('c4b9f6a044669ba27d2136750c5c39dbc1c61112', '::1', 1600743697, 0x5f5f63695f6c6173745f726567656e65726174657c693a313630303734333636363b6964656e746974797c733a32323a2276696e68616e31367365703340676d61696c2e636f6d223b656d61696c7c733a32323a2276696e68616e31367365703340676d61696c2e636f6d223b757365725f69647c733a313a2235223b6f6c645f6c6173745f6c6f67696e7c733a31303a2231363030353331353032223b6c6173745f636865636b7c693a313630303734313531323b),
('cb5ba36dbfb333371e51732fb904e14c983a4a1f', '::1', 1600741512, 0x5f5f63695f6c6173745f726567656e65726174657c693a313630303734313531323b6964656e746974797c733a32323a2276696e68616e31367365703340676d61696c2e636f6d223b656d61696c7c733a32323a2276696e68616e31367365703340676d61696c2e636f6d223b757365725f69647c733a313a2235223b6f6c645f6c6173745f6c6f67696e7c733a31303a2231363030353331353032223b6c6173745f636865636b7c693a313630303734313531323b),
('cc97cc2ef5e0ee9b60e5e1ce8bd53631003a835d', '::1', 1599753732, 0x5f5f63695f6c6173745f726567656e65726174657c693a313539393735333733323b),
('cnhpoqamhp30mev63ahe6bmqram0gf5i', '127.0.0.1', 1600772919, 0x5f5f63695f6c6173745f726567656e65726174657c693a313630303737323931393b6964656e746974797c733a32323a2276696e68616e31367365703340676d61696c2e636f6d223b656d61696c7c733a32323a2276696e68616e31367365703340676d61696c2e636f6d223b757365725f69647c733a313a2235223b6f6c645f6c6173745f6c6f67696e7c733a31303a2231363030373631323232223b6c6173745f636865636b7c693a313630303736393736383b),
('d2b82078059c47ddc104f5c673d85c76b381ff9f', '::1', 1600530707, 0x5f5f63695f6c6173745f726567656e65726174657c693a313630303533303730373b6964656e746974797c733a32323a2276696e68616e31367365703140676d61696c2e636f6d223b656d61696c7c733a32323a2276696e68616e31367365703140676d61696c2e636f6d223b757365725f69647c733a313a2233223b6f6c645f6c6173745f6c6f67696e7c733a31303a2231363030353330323738223b6c6173745f636865636b7c693a313630303533303730373b),
('d511c3b07e1a71d0359ffbc9a1ad488ecc38d3e9', '::1', 1600099403, 0x5f5f63695f6c6173745f726567656e65726174657c693a313630303039393430333b6964656e746974797c733a32323a2276696e68616e31367365703140676d61696c2e636f6d223b656d61696c7c733a32323a2276696e68616e31367365703140676d61696c2e636f6d223b757365725f69647c733a313a2233223b6f6c645f6c6173745f6c6f67696e7c4e3b6c6173745f636865636b7c693a313630303039383038373b),
('d90cf95b585ca28e51ca07abf4f6a6cad0ff7782', '::1', 1600696730, 0x5f5f63695f6c6173745f726567656e65726174657c693a313630303639363638343b6964656e746974797c733a32313a2276696e68616e313673657040676d61696c2e636f6d223b656d61696c7c733a32313a2276696e68616e313673657040676d61696c2e636f6d223b757365725f69647c733a313a2232223b6f6c645f6c6173745f6c6f67696e7c733a31303a2231363030353932303234223b6c6173745f636865636b7c693a313630303639363638343b),
('d9a226b51d9dac09467b88dd4d8f22fb0ab372dc', '::1', 1600742050, 0x5f5f63695f6c6173745f726567656e65726174657c693a313630303734323035303b6964656e746974797c733a32323a2276696e68616e31367365703340676d61696c2e636f6d223b656d61696c7c733a32323a2276696e68616e31367365703340676d61696c2e636f6d223b757365725f69647c733a313a2235223b6f6c645f6c6173745f6c6f67696e7c733a31303a2231363030353331353032223b6c6173745f636865636b7c693a313630303734313531323b),
('da03c3f37735ac9439e2a8a547c68e429cecb0b0', '::1', 1600533219, 0x5f5f63695f6c6173745f726567656e65726174657c693a313630303533333231393b6964656e746974797c733a32323a2276696e68616e31367365703340676d61696c2e636f6d223b656d61696c7c733a32323a2276696e68616e31367365703340676d61696c2e636f6d223b757365725f69647c733a313a2235223b6f6c645f6c6173745f6c6f67696e7c4e3b6c6173745f636865636b7c693a313630303533313530323b),
('da1a9f6749a0c9171c1fec8878a73641e5a40699', '::1', 1600765508, 0x5f5f63695f6c6173745f726567656e65726174657c693a313630303736353530383b6964656e746974797c733a32323a2276696e68616e31367365703340676d61696c2e636f6d223b656d61696c7c733a32323a2276696e68616e31367365703340676d61696c2e636f6d223b757365725f69647c733a313a2235223b6f6c645f6c6173745f6c6f67696e7c733a31303a2231363030373631313430223b6c6173745f636865636b7c693a313630303736313232323b),
('db6d22cab5a6f5cb94924ef867d91150943fdfcd', '::1', 1600696684, 0x5f5f63695f6c6173745f726567656e65726174657c693a313630303639363638343b6964656e746974797c733a32313a2276696e68616e313673657040676d61696c2e636f6d223b656d61696c7c733a32313a2276696e68616e313673657040676d61696c2e636f6d223b757365725f69647c733a313a2232223b6f6c645f6c6173745f6c6f67696e7c733a31303a2231363030353932303234223b6c6173745f636865636b7c693a313630303639363638343b),
('dda3e259b04cb1205888bea71eb4378ba6d1e628', '::1', 1600234135, 0x5f5f63695f6c6173745f726567656e65726174657c693a313630303233343133353b6964656e746974797c733a32323a2276696e68616e31367365703140676d61696c2e636f6d223b656d61696c7c733a32323a2276696e68616e31367365703140676d61696c2e636f6d223b757365725f69647c733a313a2233223b6f6c645f6c6173745f6c6f67696e7c733a31303a2231363030313833393736223b6c6173745f636865636b7c693a313630303233333639313b),
('e2250fc6b41e597aa1712f373e00dea6692c00a6', '::1', 1600533639, 0x5f5f63695f6c6173745f726567656e65726174657c693a313630303533333633393b6964656e746974797c733a32323a2276696e68616e31367365703340676d61696c2e636f6d223b656d61696c7c733a32323a2276696e68616e31367365703340676d61696c2e636f6d223b757365725f69647c733a313a2235223b6f6c645f6c6173745f6c6f67696e7c4e3b6c6173745f636865636b7c693a313630303533313530323b),
('edfaea141e5612771b0d38a9c25f5bbeb94dd4fc', '::1', 1600100969, 0x5f5f63695f6c6173745f726567656e65726174657c693a313630303130303736373b6964656e746974797c733a32323a2276696e68616e31367365703140676d61696c2e636f6d223b656d61696c7c733a32323a2276696e68616e31367365703140676d61696c2e636f6d223b757365725f69647c733a313a2233223b6f6c645f6c6173745f6c6f67696e7c4e3b6c6173745f636865636b7c693a313630303039383038373b72656769737465725f737563636573737c733a3231383a2243e1baa36d20c6a16e2051c3ba792043c3b46e6720747920c491c3a320c491c4836e67206bc3bd207468616d20676961204368c6b0c6a16e67207472c3ac6e682044616e68206869e1bb87752053616f204b6875c3aa20323032302e0a202020202020202020202020202020202020202020202020202020202020202020202020202020202020202020202020567569206cc3b26e6720747275792063e1baad7020656d61696c20c491e1bb83206bc3ad636820686fe1baa1742074c3a069206b686fe1baa36e2076c3a0206b6861692068e1bb932073c6a12e223b5f5f63695f766172737c613a313a7b733a31363a2272656769737465725f73756363657373223b733a333a226f6c64223b7d),
('ef898a2c93b933753ca047c999cdbb9d4bf9445a', '::1', 1600099704, 0x5f5f63695f6c6173745f726567656e65726174657c693a313630303039393730343b6964656e746974797c733a32323a2276696e68616e31367365703140676d61696c2e636f6d223b656d61696c7c733a32323a2276696e68616e31367365703140676d61696c2e636f6d223b757365725f69647c733a313a2233223b6f6c645f6c6173745f6c6f67696e7c4e3b6c6173745f636865636b7c693a313630303039383038373b),
('f0fqlsl4el13e8slcgnjc31caj8jbgi1', '127.0.0.1', 1600769768, 0x5f5f63695f6c6173745f726567656e65726174657c693a313630303736393736383b6964656e746974797c733a32323a2276696e68616e31367365703340676d61696c2e636f6d223b656d61696c7c733a32323a2276696e68616e31367365703340676d61696c2e636f6d223b757365725f69647c733a313a2235223b6f6c645f6c6173745f6c6f67696e7c733a31303a2231363030373631323232223b6c6173745f636865636b7c693a313630303736393736383b),
('f91u2r5rrnbm61ubk8k0jah3omc6dbvt', '127.0.0.1', 1600780460, 0x5f5f63695f6c6173745f726567656e65726174657c693a313630303738303436303b6964656e746974797c733a32323a2276696e68616e31367365703340676d61696c2e636f6d223b656d61696c7c733a32323a2276696e68616e31367365703340676d61696c2e636f6d223b757365725f69647c733a313a2235223b6f6c645f6c6173745f6c6f67696e7c733a31303a2231363030373631323232223b6c6173745f636865636b7c693a313630303736393736383b),
('f9bd891a512b55527e08ba48f4c674f958e27b4f', '::1', 1600186374, 0x5f5f63695f6c6173745f726567656e65726174657c693a313630303138363337343b6964656e746974797c733a32323a2276696e68616e31367365703140676d61696c2e636f6d223b656d61696c7c733a32323a2276696e68616e31367365703140676d61696c2e636f6d223b757365725f69647c733a313a2233223b6f6c645f6c6173745f6c6f67696e7c733a31303a2231363030303938303837223b6c6173745f636865636b7c693a313630303138333937363b),
('fb74db7e455f2ccefa6b4c190e1319d562a840e0', '::1', 1600097552, 0x5f5f63695f6c6173745f726567656e65726174657c693a313630303039373535323b6964656e746974797c733a32313a2276696e68616e313673657040676d61696c2e636f6d223b656d61696c7c733a32313a2276696e68616e313673657040676d61696c2e636f6d223b757365725f69647c733a313a2232223b6f6c645f6c6173745f6c6f67696e7c733a31303a2231353939393835333430223b6c6173745f636865636b7c693a313630303039363735363b),
('fcbe3c9e869bb95ed961faa0f80faaeef65f3bd4', '::1', 1600234805, 0x5f5f63695f6c6173745f726567656e65726174657c693a313630303233343830353b6964656e746974797c733a32323a2276696e68616e31367365703140676d61696c2e636f6d223b656d61696c7c733a32323a2276696e68616e31367365703140676d61696c2e636f6d223b757365725f69647c733a313a2233223b6f6c645f6c6173745f6c6f67696e7c733a31303a2231363030313833393736223b6c6173745f636865636b7c693a313630303233333639313b),
('fde8067715275001dadf02377c19d6512409fcf5', '::1', 1600761607, 0x5f5f63695f6c6173745f726567656e65726174657c693a313630303736313630373b6964656e746974797c733a32323a2276696e68616e31367365703340676d61696c2e636f6d223b656d61696c7c733a32323a2276696e68616e31367365703340676d61696c2e636f6d223b757365725f69647c733a313a2235223b6f6c645f6c6173745f6c6f67696e7c733a31303a2231363030373631313430223b6c6173745f636865636b7c693a313630303736313232323b),
('ffb04b688bee019af224e0427cbc1d674e297185', '::1', 1600532749, 0x5f5f63695f6c6173745f726567656e65726174657c693a313630303533323734393b6964656e746974797c733a32323a2276696e68616e31367365703340676d61696c2e636f6d223b656d61696c7c733a32323a2276696e68616e31367365703340676d61696c2e636f6d223b757365725f69647c733a313a2235223b6f6c645f6c6173745f6c6f67696e7c4e3b6c6173745f636865636b7c693a313630303533313530323b),
('flgmqirus0ei115hht2eoq5jdc8p56sp', '127.0.0.1', 1600785149, 0x5f5f63695f6c6173745f726567656e65726174657c693a313630303738353134393b6964656e746974797c733a32323a2276696e68616e31367365703340676d61696c2e636f6d223b656d61696c7c733a32323a2276696e68616e31367365703340676d61696c2e636f6d223b757365725f69647c733a313a2235223b6f6c645f6c6173745f6c6f67696e7c733a31303a2231363030373631323232223b6c6173745f636865636b7c693a313630303736393736383b),
('it6qju6iqvch0n00siv4nn5ljok99ga4', '127.0.0.1', 1600787115, 0x5f5f63695f6c6173745f726567656e65726174657c693a313630303738373131353b6964656e746974797c733a32323a2276696e68616e31367365703340676d61696c2e636f6d223b656d61696c7c733a32323a2276696e68616e31367365703340676d61696c2e636f6d223b757365725f69647c733a313a2235223b6f6c645f6c6173745f6c6f67696e7c733a31303a2231363030373631323232223b6c6173745f636865636b7c693a313630303736393736383b),
('ivsoailftjab3nk5r9bvd6rd7at6ocel', '127.0.0.1', 1600781853, 0x5f5f63695f6c6173745f726567656e65726174657c693a313630303738313835333b6964656e746974797c733a32323a2276696e68616e31367365703340676d61696c2e636f6d223b656d61696c7c733a32323a2276696e68616e31367365703340676d61696c2e636f6d223b757365725f69647c733a313a2235223b6f6c645f6c6173745f6c6f67696e7c733a31303a2231363030373631323232223b6c6173745f636865636b7c693a313630303736393736383b),
('k0ks7en5v3i6s7jt5c79qbrm49a53760', '127.0.0.1', 1600780769, 0x5f5f63695f6c6173745f726567656e65726174657c693a313630303738303736393b6964656e746974797c733a32323a2276696e68616e31367365703340676d61696c2e636f6d223b656d61696c7c733a32323a2276696e68616e31367365703340676d61696c2e636f6d223b757365725f69647c733a313a2235223b6f6c645f6c6173745f6c6f67696e7c733a31303a2231363030373631323232223b6c6173745f636865636b7c693a313630303736393736383b),
('loms4q2v5jnvfjb61ma5p32pkmjgmo3m', '127.0.0.1', 1600785658, 0x5f5f63695f6c6173745f726567656e65726174657c693a313630303738353635383b6964656e746974797c733a32323a2276696e68616e31367365703340676d61696c2e636f6d223b656d61696c7c733a32323a2276696e68616e31367365703340676d61696c2e636f6d223b757365725f69647c733a313a2235223b6f6c645f6c6173745f6c6f67696e7c733a31303a2231363030373631323232223b6c6173745f636865636b7c693a313630303736393736383b),
('lu7ij8t6fhu7ga4om1sbbcjl7r1bkmue', '127.0.0.1', 1600787418, 0x5f5f63695f6c6173745f726567656e65726174657c693a313630303738373431383b6964656e746974797c733a32323a2276696e68616e31367365703340676d61696c2e636f6d223b656d61696c7c733a32323a2276696e68616e31367365703340676d61696c2e636f6d223b757365725f69647c733a313a2235223b6f6c645f6c6173745f6c6f67696e7c733a31303a2231363030373631323232223b6c6173745f636865636b7c693a313630303736393736383b),
('m994lr44a6d8f0uha1oimrgnk4g9lvv6', '127.0.0.1', 1600782597, 0x5f5f63695f6c6173745f726567656e65726174657c693a313630303738323539373b6964656e746974797c733a32323a2276696e68616e31367365703340676d61696c2e636f6d223b656d61696c7c733a32323a2276696e68616e31367365703340676d61696c2e636f6d223b757365725f69647c733a313a2235223b6f6c645f6c6173745f6c6f67696e7c733a31303a2231363030373631323232223b6c6173745f636865636b7c693a313630303736393736383b),
('n7du6s6qohbs4udipddumhrueaavvdb1', '127.0.0.1', 1600787441, 0x5f5f63695f6c6173745f726567656e65726174657c693a313630303738373431383b6964656e746974797c733a32323a2276696e68616e31367365703340676d61696c2e636f6d223b656d61696c7c733a32323a2276696e68616e31367365703340676d61696c2e636f6d223b757365725f69647c733a313a2235223b6f6c645f6c6173745f6c6f67696e7c733a31303a2231363030373631323232223b6c6173745f636865636b7c693a313630303736393736383b),
('njjdmheidnbrodsj50fgfgpgq51naahp', '127.0.0.1', 1600772595, 0x5f5f63695f6c6173745f726567656e65726174657c693a313630303737323539353b6964656e746974797c733a32323a2276696e68616e31367365703340676d61696c2e636f6d223b656d61696c7c733a32323a2276696e68616e31367365703340676d61696c2e636f6d223b757365725f69647c733a313a2235223b6f6c645f6c6173745f6c6f67696e7c733a31303a2231363030373631323232223b6c6173745f636865636b7c693a313630303736393736383b),
('paro3j75r7aagk6euevd0t6q906u7v2s', '127.0.0.1', 1600783067, 0x5f5f63695f6c6173745f726567656e65726174657c693a313630303738333036373b6964656e746974797c733a32323a2276696e68616e31367365703340676d61696c2e636f6d223b656d61696c7c733a32323a2276696e68616e31367365703340676d61696c2e636f6d223b757365725f69647c733a313a2235223b6f6c645f6c6173745f6c6f67696e7c733a31303a2231363030373631323232223b6c6173745f636865636b7c693a313630303736393736383b),
('qfph9sjkng7oqcsctfpuno64t6jhao3b', '127.0.0.1', 1600771306, 0x5f5f63695f6c6173745f726567656e65726174657c693a313630303737313330363b6964656e746974797c733a32323a2276696e68616e31367365703340676d61696c2e636f6d223b656d61696c7c733a32323a2276696e68616e31367365703340676d61696c2e636f6d223b757365725f69647c733a313a2235223b6f6c645f6c6173745f6c6f67696e7c733a31303a2231363030373631323232223b6c6173745f636865636b7c693a313630303736393736383b),
('soj42jc7bjkdvu6akmjji4j022jn65m7', '127.0.0.1', 1600781104, 0x5f5f63695f6c6173745f726567656e65726174657c693a313630303738313130343b6964656e746974797c733a32323a2276696e68616e31367365703340676d61696c2e636f6d223b656d61696c7c733a32323a2276696e68616e31367365703340676d61696c2e636f6d223b757365725f69647c733a313a2235223b6f6c645f6c6173745f6c6f67696e7c733a31303a2231363030373631323232223b6c6173745f636865636b7c693a313630303736393736383b),
('tppq0eqcmg3f3hp3kmkkamvqoag3580j', '127.0.0.1', 1600783507, 0x5f5f63695f6c6173745f726567656e65726174657c693a313630303738333530373b6964656e746974797c733a32323a2276696e68616e31367365703340676d61696c2e636f6d223b656d61696c7c733a32323a2276696e68616e31367365703340676d61696c2e636f6d223b757365725f69647c733a313a2235223b6f6c645f6c6173745f6c6f67696e7c733a31303a2231363030373631323232223b6c6173745f636865636b7c693a313630303736393736383b),
('uohpruu0au9errd3guvm0scq0t5881bf', '127.0.0.1', 1600771630, 0x5f5f63695f6c6173745f726567656e65726174657c693a313630303737313633303b6964656e746974797c733a32323a2276696e68616e31367365703340676d61696c2e636f6d223b656d61696c7c733a32323a2276696e68616e31367365703340676d61696c2e636f6d223b757365725f69647c733a313a2235223b6f6c645f6c6173745f6c6f67696e7c733a31303a2231363030373631323232223b6c6173745f636865636b7c693a313630303736393736383b);

-- --------------------------------------------------------

--
-- Table structure for table `company`
--

CREATE TABLE `company` (
  `id` int(11) NOT NULL,
  `client_id` int(11) NOT NULL,
  `member_id` varchar(255) DEFAULT NULL,
  `equity_1` varchar(50) DEFAULT NULL,
  `equity_2` varchar(50) DEFAULT NULL,
  `equity_3` varchar(50) DEFAULT NULL,
  `owner_equity_1` varchar(50) DEFAULT NULL,
  `owner_equity_2` varchar(50) DEFAULT NULL,
  `owner_equity_3` varchar(50) DEFAULT NULL,
  `total_income_1` varchar(50) DEFAULT NULL,
  `total_income_2` varchar(50) DEFAULT NULL,
  `total_income_3` varchar(50) DEFAULT NULL,
  `software_income_1` varchar(50) DEFAULT NULL,
  `software_income_2` varchar(50) DEFAULT NULL,
  `software_income_3` varchar(50) DEFAULT NULL,
  `it_income_1` varchar(50) DEFAULT NULL,
  `it_income_2` varchar(50) DEFAULT NULL,
  `it_income_3` varchar(50) DEFAULT NULL,
  `export_income_1` varchar(50) DEFAULT NULL,
  `export_income_2` varchar(50) DEFAULT NULL,
  `export_income_3` varchar(50) DEFAULT NULL,
  `total_labor_1` varchar(50) DEFAULT NULL,
  `total_labor_2` varchar(50) DEFAULT NULL,
  `total_labor_3` varchar(50) DEFAULT NULL,
  `total_ltv_1` varchar(50) DEFAULT NULL,
  `total_ltv_2` varchar(50) DEFAULT NULL,
  `total_ltv_3` varchar(50) DEFAULT NULL,
  `description` text CHARACTER SET utf8 COLLATE utf8_unicode_ci,
  `main_service` text,
  `main_market` text,
  `is_submit` tinyint(1) DEFAULT '0',
  `created_at` datetime DEFAULT NULL,
  `created_by` varchar(100) DEFAULT NULL,
  `modified_at` datetime DEFAULT NULL,
  `modified_by` varchar(100) DEFAULT NULL,
  `information_id` int(11) NOT NULL,
  `year` int(10) NOT NULL,
  `identity` varchar(100) NOT NULL,
  `candidate_income_1` varchar(50) DEFAULT NULL,
  `candidate_income_2` varchar(50) DEFAULT NULL,
  `candidate_income_3` varchar(50) DEFAULT NULL
) ENGINE=InnoDB DEFAULT CHARSET=utf8;

--
-- Dumping data for table `company`
--

INSERT INTO `company` (`id`, `client_id`, `member_id`, `equity_1`, `equity_2`, `equity_3`, `owner_equity_1`, `owner_equity_2`, `owner_equity_3`, `total_income_1`, `total_income_2`, `total_income_3`, `software_income_1`, `software_income_2`, `software_income_3`, `it_income_1`, `it_income_2`, `it_income_3`, `export_income_1`, `export_income_2`, `export_income_3`, `total_labor_1`, `total_labor_2`, `total_labor_3`, `total_ltv_1`, `total_ltv_2`, `total_ltv_3`, `description`, `main_service`, `main_market`, `is_submit`, `created_at`, `created_by`, `modified_at`, `modified_by`, `information_id`, `year`, `identity`, `candidate_income_1`, `candidate_income_2`, `candidate_income_3`) VALUES
(1, 2, NULL, '123', '1', '1', '2', '1', '2', '1', '3', '1', '4', '3', '4', '4', '5', '2', '6', '3', '6', '3', '7', '3', '8', '2', '8', '<p>&aacute;d</p>', '[\"Ch\\u00ednh ph\\u1ee7 \\u0111i\\u1ec7n t\\u1eed\"]', '[\"Th\\u1ecb tr\\u01b0\\u1eddng Ch\\u00ednh ph\\u1ee7\",\"1\"]', 0, '2020-09-13 15:24:13', 'vinhan16sep@gmail.com', '2020-09-22 09:22:14', 'vinhan16sep@gmail.com', 0, 2020, '11111111112', '', '', ''),
(2, 3, NULL, '', '', '', '', '', '', '', '', '', '', '', '', '', '', '', '', '', '', '', '', '', '', '', '', '', '[\"Giao th\\u00f4ng\"]', '[\"Th\\u1ecb tr\\u01b0\\u1eddng Ch\\u00ednh ph\\u1ee7\",\"Th\\u1ecb tr\\u01b0\\u1eddng ng\\u01b0\\u1eddi ti\\u00eau d\\u00f9ng\",\"2\",\"Gia c\\u00f4ng xu\\u1ea5t kh\\u1ea9u\",\"M\\u1ef9 v\\u00e0 c\\u00e1c n\\u01b0\\u1edbc B\\u1eafc M\\u1ef9\",\"1\"]', 0, '2020-09-16 12:22:13', 'vinhan16sep1@gmail.com', '2020-09-19 22:52:25', 'vinhan16sep1@gmail.com', 0, 2020, '11111111113', '', '', ''),
(3, 5, NULL, '67', '7', '7', '7', '7', '7', '7', '7', '7', NULL, NULL, NULL, NULL, NULL, NULL, NULL, NULL, NULL, '7', '7', '7', NULL, NULL, NULL, '<p>766666zsd</p>', NULL, NULL, 0, '2020-09-19 23:26:01', 'vinhan16sep3@gmail.com', '2020-09-22 15:06:00', 'vinhan16sep3@gmail.com', 0, 2020, '11111111115', '7', '7', '7');

-- --------------------------------------------------------

--
-- Table structure for table `groups`
--

CREATE TABLE `groups` (
  `id` mediumint(8) UNSIGNED NOT NULL,
  `name` varchar(20) NOT NULL,
  `description` varchar(100) NOT NULL
) ENGINE=InnoDB DEFAULT CHARSET=utf8;

--
-- Dumping data for table `groups`
--

INSERT INTO `groups` (`id`, `name`, `description`) VALUES
(1, 'admin', 'Administrator'),
(2, 'members', 'General User'),
(3, 'clients', 'Guest User');

-- --------------------------------------------------------

--
-- Table structure for table `information`
--

CREATE TABLE `information` (
  `id` int(11) NOT NULL,
  `client_id` int(11) NOT NULL,
  `website` varchar(100) DEFAULT NULL,
  `legal_representative` varchar(100) DEFAULT NULL,
  `lp_position` varchar(100) DEFAULT NULL,
  `lp_email` varchar(100) DEFAULT NULL,
  `lp_phone` varchar(20) DEFAULT NULL,
  `connector` varchar(100) DEFAULT NULL,
  `c_position` varchar(100) DEFAULT NULL,
  `c_email` varchar(100) DEFAULT NULL,
  `c_phone` varchar(20) DEFAULT NULL,
  `link` varchar(200) DEFAULT NULL,
  `is_submit` tinyint(1) DEFAULT '0' COMMENT '0: haven''t save; 1: saved',
  `created_at` datetime DEFAULT NULL,
  `created_by` varchar(100) DEFAULT NULL,
  `modified_at` datetime DEFAULT NULL,
  `modified_by` varchar(100) DEFAULT NULL,
  `identity` varchar(100) NOT NULL,
  `avatar` text,
  `address` text
) ENGINE=InnoDB DEFAULT CHARSET=utf8;

--
-- Dumping data for table `information`
--

INSERT INTO `information` (`id`, `client_id`, `website`, `legal_representative`, `lp_position`, `lp_email`, `lp_phone`, `connector`, `c_position`, `c_email`, `c_phone`, `link`, `is_submit`, `created_at`, `created_by`, `modified_at`, `modified_by`, `identity`, `avatar`, `address`) VALUES
(1, 2, 'abccompany.com.vn', 'Nguyn Vn A', 'asda', 'a@abccompany.com.vn', '12312312312', 'Nguyn Vn B', 'asd', 'b@abccompany.com.vn', '21312313123', NULL, 0, '2020-09-13 15:23:53', 'vinhan16sep@gmail.com', '2020-09-13 15:23:53', 'vinhan16sep@gmail.com', '11111111112', NULL, 'd'),
(2, 3, 'abccompany.com.vn', 'Nguyn Vn A', 'asda', 'a@abccompany.com.vn', '12312312312', 'v', 'asd', 'b@abccompany.com.vn', '21312313123', 'google.com', 0, '2020-09-15 22:56:22', 'vinhan16sep1@gmail.com', '2020-09-15 23:02:10', 'vinhan16sep1@gmail.com', '11111111113', NULL, 'asd'),
(3, 5, 'abccompany.com.vn', 'Nguyn Vn A', 'asda', 'a@abccompany.com.vn', '12312312312', 'Nguyn Vn B', 'asd', 'b@abccompany.com.vn', '12312312312', 'google.com', 0, '2020-09-19 23:05:32', 'vinhan16sep3@gmail.com', '2020-09-19 23:05:32', 'vinhan16sep3@gmail.com', '11111111115', NULL, 'asd');

-- --------------------------------------------------------

--
-- Table structure for table `login_attempts`
--

CREATE TABLE `login_attempts` (
  `id` int(11) UNSIGNED NOT NULL,
  `ip_address` varchar(15) NOT NULL,
  `login` varchar(100) NOT NULL,
  `time` int(11) UNSIGNED DEFAULT NULL
) ENGINE=InnoDB DEFAULT CHARSET=utf8;

-- --------------------------------------------------------

--
-- Table structure for table `new_rating`
--

CREATE TABLE `new_rating` (
  `id` int(11) NOT NULL,
  `member_id` int(11) NOT NULL,
  `product_id` int(11) NOT NULL,
  `rating` text,
  `is_submit` int(1) DEFAULT '1',
  `total` double(50,2) DEFAULT NULL,
  `year` varchar(4) DEFAULT NULL,
  `comment` text
) ENGINE=InnoDB DEFAULT CHARSET=utf8;

-- --------------------------------------------------------

--
-- Table structure for table `product`
--

CREATE TABLE `product` (
  `id` int(11) NOT NULL,
  `client_id` int(11) DEFAULT NULL,
  `name` text,
  `service` text,
  `sub_service` text,
  `functional` text CHARACTER SET utf8 COLLATE utf8_unicode_ci,
  `process` text,
  `security` text,
  `positive` text,
  `compare` text,
  `income_1` varchar(50) DEFAULT NULL,
  `income_2016` varchar(50) DEFAULT NULL,
  `income_2017` varchar(50) DEFAULT NULL,
  `area` text,
  `open_date` varchar(255) DEFAULT NULL,
  `price` text,
  `customer` text,
  `after_sale` text,
  `team` text,
  `award` text,
  `certificate` varchar(100) DEFAULT NULL,
  `is_submit` tinyint(1) DEFAULT '0',
  `rating` tinyint(1) DEFAULT '0' COMMENT '0: chua rating; 1: dong y; 2: xem xet; 3: khong dong y',
  `created_at` datetime DEFAULT NULL,
  `created_by` varchar(100) DEFAULT NULL,
  `modified_at` datetime DEFAULT NULL,
  `modified_by` varchar(100) DEFAULT NULL,
  `information_id` int(11) DEFAULT NULL,
  `identity` varchar(100) DEFAULT NULL,
  `file` text NOT NULL,
  `copyright_certificate` varchar(100) NOT NULL,
  `is_deleted` tinyint(1) NOT NULL DEFAULT '0',
  `main_service` varchar(255) NOT NULL,
  `bak_main_service` varchar(255) NOT NULL,
  `year` varchar(4) DEFAULT NULL
) ENGINE=InnoDB DEFAULT CHARSET=utf8 ROW_FORMAT=DYNAMIC;

--
-- Dumping data for table `product`
--

INSERT INTO `product` (`id`, `client_id`, `name`, `service`, `sub_service`, `functional`, `process`, `security`, `positive`, `compare`, `income_1`, `income_2016`, `income_2017`, `area`, `open_date`, `price`, `customer`, `after_sale`, `team`, `award`, `certificate`, `is_submit`, `rating`, `created_at`, `created_by`, `modified_at`, `modified_by`, `information_id`, `identity`, `file`, `copyright_certificate`, `is_deleted`, `main_service`, `bak_main_service`, `year`) VALUES
(1, 3, 'asd123', '[\"C\\u00e1c s\\u1ea3n ph\\u1ea9m, gi\\u1ea3i ph\\u00e1p ph\\u1ea7n m\\u1ec1m m\\u1edbi\"]', NULL, '<p>asd</p>', '<p>asd</p>', '<p>asd</p>', '<p>asd</p>', '<p>asd</p>', NULL, '123', '123', '<p>asd</p>', '12/12/2019', '<p>asd</p>', '<p>asd</p>', '<p>asd</p>', '<p>asd</p>', '<p>asd</p>', NULL, 1, 0, '2020-09-15 22:40:14', 'vinhan16sep1@gmail.com', '2020-09-15 22:54:31', 'vinhan16sep1@gmail.com', NULL, '11111111113', '', '123', 1, '', '', '2020'),
(2, 3, 'zxc', 'null', NULL, '', '', '', '', '', NULL, '', '', '', '', '', '', '', '', '', NULL, 0, 0, '2020-09-15 22:54:39', 'vinhan16sep1@gmail.com', '2020-09-15 22:54:39', 'vinhan16sep1@gmail.com', NULL, '11111111113', '', '', 0, '', '', '2020'),
(3, 3, 'Test', '[\"C\\u00e1c s\\u1ea3n ph\\u1ea9m, gi\\u1ea3i ph\\u00e1p c\\u1ee7a doanh nghi\\u1ec7p kh\\u1edfi nghi\\u1ec7p\"]', NULL, '<p>asd</p>', '<p>asd</p>', '<p>asd</p>', '<p>asd</p>', '<p>asd</p>', '2017', '2018', '2019', '<p>qwe</p>', '12/12/2019', '<p>asd</p>', '<p>qwe</p>', '<p>qwe</p>', '<p>qwe</p>', '<p>qwe</p>', NULL, 1, 0, '2020-09-15 23:18:13', 'vinhan16sep1@gmail.com', '2020-09-15 23:19:33', 'vinhan16sep1@gmail.com', 2, '11111111113', '', '123', 0, '', '', '2020'),
(4, 3, 'test dv', '[\"1\",\"2\",\"10\"]', NULL, '', '', '', '', '', '', '', '', '', '', '', '', '', '', '', 'google.com', 1, 0, '2020-09-16 12:29:41', 'vinhan16sep1@gmail.com', '2020-09-16 12:41:39', 'vinhan16sep1@gmail.com', 2, '11111111113', '', '', 0, '', '', '2020');

-- --------------------------------------------------------

--
-- Table structure for table `product1`
--

CREATE TABLE `product1` (
  `id` int(11) NOT NULL,
  `client_id` int(11) DEFAULT NULL,
  `service` text,
  `sub_service` text,
  `is_submit` tinyint(1) DEFAULT '0',
  `rating` tinyint(1) DEFAULT '0' COMMENT '0: chua rating; 1: dong y; 2: xem xet; 3: khong dong y',
  `created_at` datetime DEFAULT NULL,
  `created_by` varchar(100) DEFAULT NULL,
  `modified_at` datetime DEFAULT NULL,
  `modified_by` varchar(100) DEFAULT NULL,
  `information_id` int(11) DEFAULT NULL,
  `identity` varchar(100) DEFAULT NULL,
  `file` text NOT NULL,
  `is_deleted` tinyint(1) NOT NULL DEFAULT '0',
  `main_service` varchar(255) NOT NULL,
  `bak_main_service` varchar(255) NOT NULL,
  `year` varchar(4) DEFAULT NULL,
  `field_1` text,
  `field_2` text,
  `field_3` text,
  `field_4` text,
  `field_5` text,
  `field_6` text,
  `field_7` text,
  `field_8` text,
  `field_9` text,
  `field_10` text,
  `field_11` text,
  `field_12` text,
  `field_13` text,
  `field_14` text,
  `field_15` text,
  `field_16` text,
  `field_17` text,
  `field_18` text,
  `field_19` text,
  `field_20` text,
  `field_21` text,
  `field_22` text,
  `field_23` text,
  `field_24` text,
  `field_25` text,
  `field_26` text,
  `field_27` text,
  `field_28` text,
  `field_29` text,
  `field_30` text,
  `field_31` text,
  `field_32` text,
  `field_33` text
) ENGINE=InnoDB DEFAULT CHARSET=utf8 ROW_FORMAT=DYNAMIC;

--
-- Dumping data for table `product1`
--

INSERT INTO `product1` (`id`, `client_id`, `service`, `sub_service`, `is_submit`, `rating`, `created_at`, `created_by`, `modified_at`, `modified_by`, `information_id`, `identity`, `file`, `is_deleted`, `main_service`, `bak_main_service`, `year`, `field_1`, `field_2`, `field_3`, `field_4`, `field_5`, `field_6`, `field_7`, `field_8`, `field_9`, `field_10`, `field_11`, `field_12`, `field_13`, `field_14`, `field_15`, `field_16`, `field_17`, `field_18`, `field_19`, `field_20`, `field_21`, `field_22`, `field_23`, `field_24`, `field_25`, `field_26`, `field_27`, `field_28`, `field_29`, `field_30`, `field_31`, `field_32`, `field_33`) VALUES
(1, 3, '[\"C\\u00e1c s\\u1ea3n ph\\u1ea9m, gi\\u1ea3i ph\\u00e1p ph\\u1ea7n m\\u1ec1m m\\u1edbi\"]', NULL, 1, 0, '2020-09-15 22:40:14', 'vinhan16sep1@gmail.com', '2020-09-15 22:54:31', 'vinhan16sep1@gmail.com', NULL, '11111111113', '', 1, '', '', '2020', NULL, NULL, NULL, NULL, NULL, NULL, NULL, NULL, NULL, NULL, NULL, NULL, NULL, NULL, NULL, NULL, NULL, NULL, NULL, NULL, NULL, NULL, NULL, NULL, NULL, NULL, NULL, NULL, NULL, NULL, NULL, NULL, NULL),
(2, 3, 'null', NULL, 0, 0, '2020-09-15 22:54:39', 'vinhan16sep1@gmail.com', '2020-09-15 22:54:39', 'vinhan16sep1@gmail.com', NULL, '11111111113', '', 0, '', '', '2020', NULL, NULL, NULL, NULL, NULL, NULL, NULL, NULL, NULL, NULL, NULL, NULL, NULL, NULL, NULL, NULL, NULL, NULL, NULL, NULL, NULL, NULL, NULL, NULL, NULL, NULL, NULL, NULL, NULL, NULL, NULL, NULL, NULL),
(3, 3, '[\"C\\u00e1c s\\u1ea3n ph\\u1ea9m, gi\\u1ea3i ph\\u00e1p c\\u1ee7a doanh nghi\\u1ec7p kh\\u1edfi nghi\\u1ec7p\"]', NULL, 1, 0, '2020-09-15 23:18:13', 'vinhan16sep1@gmail.com', '2020-09-15 23:19:33', 'vinhan16sep1@gmail.com', 2, '11111111113', '', 0, '', '', '2020', NULL, NULL, NULL, NULL, NULL, NULL, NULL, NULL, NULL, NULL, NULL, NULL, NULL, NULL, NULL, NULL, NULL, NULL, NULL, NULL, NULL, NULL, NULL, NULL, NULL, NULL, NULL, NULL, NULL, NULL, NULL, NULL, NULL),
(4, 3, '[\"1\",\"2\",\"10\"]', NULL, 1, 0, '2020-09-16 12:29:41', 'vinhan16sep1@gmail.com', '2020-09-16 12:41:39', 'vinhan16sep1@gmail.com', 2, '11111111113', '', 0, '', '', '2020', NULL, NULL, NULL, NULL, NULL, NULL, NULL, NULL, NULL, NULL, NULL, NULL, NULL, NULL, NULL, NULL, NULL, NULL, NULL, NULL, NULL, NULL, NULL, NULL, NULL, NULL, NULL, NULL, NULL, NULL, NULL, NULL, NULL),
(5, 5, NULL, NULL, 0, 0, '2020-09-22 21:05:54', 'vinhan16sep3@gmail.com', '2020-09-22 21:05:54', 'vinhan16sep3@gmail.com', 3, '11111111115', '', 1, '', '', '2020', 'Data', '1', '[\"1\",\"2\"]', 'Data', 'Data', 'Data', '<p>Data</p>', '<p>Data</p>', '<p>Data</p>', '<p>Data</p>', 'Data', 'Data', 'Data', 'Data', '<p>Data</p>', '<p>Data</p>', '<p>Data</p>', '<p>Data</p>', '<p>Data</p>', '<p>Data</p>', '<p>Data</p>', '<p>Data</p>', '<p>Data</p>', '<p>Data</p>', '<p>Data</p>', '<p>Data</p>', '<p>Data</p>', '<p>Data</p>', '<p>Data</p>', '<p>Data</p>', '<p>Data</p>', '22', '12'),
(6, 5, NULL, NULL, 1, 0, '2020-09-22 21:41:24', 'vinhan16sep3@gmail.com', '2020-09-22 22:10:03', 'vinhan16sep3@gmail.com', 3, '11111111115', '', 0, '', '', '2020', 'Data', '1', '[\"1\",\"2\",\"3\"]', 'Data', 'Data', 'Data', '<p>Data1</p>', '<p>Data1</p>', '<p>Data1</p>', '<p>Data1</p>', 'Data', 'Data', 'Data', 'Data', '<p>Data1</p>', '<p>Data1</p>', '<p>Data1</p>', '<p>Data1</p>', '<p>Data1</p>', '<p>Data1</p>', '<p>Data1</p>', '<p>Data1</p>', '<p>Data1</p>', '<p>Data1</p>', '<p>Data1</p>', '<p>Data1</p>', '<p>Data1</p>', '<p>Data1</p>', '<p>Data1</p>', '<p>Data1</p>', '<p>Data1</p>', '22', '12');

-- --------------------------------------------------------

--
-- Table structure for table `rating`
--

CREATE TABLE `rating` (
  `id` int(11) NOT NULL,
  `member_id` int(11) DEFAULT NULL,
  `product_id` varchar(100) DEFAULT NULL,
  `client_id` text,
  `precision` text,
  `strong` text,
  `weak` text,
  `rating` text,
  `result` varchar(50) DEFAULT NULL COMMENT '1: dong y; 2: xem xet; 3: khong dong y',
  `is_submit` tinyint(1) DEFAULT '0',
  `created_at` datetime DEFAULT NULL,
  `created_by` varchar(100) DEFAULT NULL,
  `modified_at` datetime DEFAULT NULL,
  `modified_by` varchar(100) DEFAULT NULL
) ENGINE=InnoDB DEFAULT CHARSET=utf8;

-- --------------------------------------------------------

--
-- Table structure for table `status`
--

CREATE TABLE `status` (
  `id` int(11) NOT NULL,
  `client_id` int(11) NOT NULL,
  `is_information` tinyint(1) DEFAULT '0',
  `is_company` tinyint(1) DEFAULT '0',
  `is_product` tinyint(1) DEFAULT '0',
  `is_final` tinyint(1) DEFAULT '0',
  `year` varchar(10) DEFAULT NULL
) ENGINE=InnoDB DEFAULT CHARSET=utf8;

--
-- Dumping data for table `status`
--

INSERT INTO `status` (`id`, `client_id`, `is_information`, `is_company`, `is_product`, `is_final`, `year`) VALUES
(1, 2, 1, 0, 0, 0, '2020'),
(2, 3, 1, 0, 1, 0, '2020'),
(3, 4, 0, 0, 0, 0, '2020'),
(4, 5, 1, 1, 0, 0, '2020');

-- --------------------------------------------------------

--
-- Table structure for table `team`
--

CREATE TABLE `team` (
  `id` int(11) NOT NULL,
  `name` varchar(255) NOT NULL,
  `product_id` text,
  `member_id` text,
  `leader_id` int(11) DEFAULT NULL,
  `is_deleted` tinyint(1) NOT NULL DEFAULT '0',
  `year` varchar(4) DEFAULT NULL
) ENGINE=InnoDB DEFAULT CHARSET=utf8;

-- --------------------------------------------------------

--
-- Table structure for table `users`
--

CREATE TABLE `users` (
  `id` int(11) UNSIGNED NOT NULL,
  `ip_address` varchar(45) NOT NULL,
  `username` varchar(100) DEFAULT NULL,
  `password` varchar(255) NOT NULL,
  `salt` varchar(255) DEFAULT NULL,
  `email` varchar(100) NOT NULL,
  `activation_code` varchar(40) DEFAULT NULL,
  `forgotten_password_code` varchar(40) DEFAULT NULL,
  `forgotten_password_time` int(11) UNSIGNED DEFAULT NULL,
  `remember_code` varchar(40) DEFAULT NULL,
  `created_on` int(11) UNSIGNED NOT NULL,
  `last_login` int(11) UNSIGNED DEFAULT NULL,
  `active` tinyint(1) UNSIGNED DEFAULT NULL,
  `first_name` varchar(50) DEFAULT NULL,
  `last_name` varchar(50) DEFAULT NULL,
  `position` varchar(100) DEFAULT NULL,
  `company` varchar(100) DEFAULT NULL,
  `phone` varchar(20) DEFAULT NULL,
  `address` varchar(200) DEFAULT NULL,
  `company_id` text NOT NULL,
  `information_id` int(11) DEFAULT NULL,
  `member_role` varchar(100) DEFAULT NULL,
  `service_type` int(11) NOT NULL DEFAULT '99'
) ENGINE=InnoDB DEFAULT CHARSET=utf8;

--
-- Dumping data for table `users`
--

INSERT INTO `users` (`id`, `ip_address`, `username`, `password`, `salt`, `email`, `activation_code`, `forgotten_password_code`, `forgotten_password_time`, `remember_code`, `created_on`, `last_login`, `active`, `first_name`, `last_name`, `position`, `company`, `phone`, `address`, `company_id`, `information_id`, `member_role`, `service_type`) VALUES
(1, '127.0.0.1', 'administrator', '$2a$07$SeBknntpZror9uyftVopmu61qg0ms8Qv1yV6FG.kQOSM.9QhmTo36', '', 'admin@admin.com', '', NULL, NULL, NULL, 1268889823, 1587372264, 1, 'Admin', 'istrator', NULL, 'ADMIN', '0', NULL, '', NULL, NULL, 99),
(2, '::1', '11111111112', '$2y$08$wuI9sJtOy4W.3QWkC5UmSOk1O9admnc1Mf4K0hl6sU3BL7k7Z4F2K', NULL, 'vinhan16sep@gmail.com', NULL, NULL, NULL, NULL, 1599985307, 1600741316, 1, NULL, NULL, NULL, 'ABC ltd', '1277777777', NULL, '', 1, NULL, 99),
(3, '::1', '11111111113', '$2y$08$jE.j7oA0IOVtnXCQyVK6uu.WiINU0QEfwAVA5u//E.fKiIYtxU0xO', NULL, 'vinhan16sep1@gmail.com', '687d1660d7b0981859d1b8c336af0825f93b4637', NULL, NULL, NULL, 1600097608, 1600741473, 1, NULL, NULL, NULL, 'ABC ltd', '1234567777', NULL, '', 2, NULL, 4),
(4, '::1', '11111111114', '$2y$08$19y5iF.6vqZ7/m02MDsHKeD4MzmgmN2kJOuzgitEwjJqaWtAzgZIq', NULL, 'vinhan16sep2@gmail.com', '5158de84b970442b0b61ee9d72d6c7df6ab35980', NULL, NULL, NULL, 1600100963, NULL, 0, NULL, NULL, NULL, 'ABC ltd', '1277777777', NULL, '', NULL, NULL, 4),
(5, '::1', '11111111115', '$2y$08$.ylQqzvIhfZRbZoDkkZ9L.Q/3B1uomaMsOlTMiyDTUd8GJJLq.l.2', NULL, 'vinhan16sep3@gmail.com', '0f136f2681739a714f7ad0c48a7ce6848e741125', NULL, NULL, NULL, 1600531449, 1600769768, 1, NULL, NULL, NULL, 'ABC ltd', '1234567777', NULL, '', 3, NULL, 2);

-- --------------------------------------------------------

--
-- Table structure for table `users_groups`
--

CREATE TABLE `users_groups` (
  `id` int(11) UNSIGNED NOT NULL,
  `user_id` int(11) UNSIGNED NOT NULL,
  `group_id` mediumint(8) UNSIGNED NOT NULL
) ENGINE=InnoDB DEFAULT CHARSET=utf8;

--
-- Dumping data for table `users_groups`
--

INSERT INTO `users_groups` (`id`, `user_id`, `group_id`) VALUES
(565, 1, 1),
(566, 2, 3),
(567, 3, 3),
(568, 4, 3),
(569, 5, 3);

--
-- Indexes for dumped tables
--

--
-- Indexes for table `ci_sessions`
--
ALTER TABLE `ci_sessions`
  ADD PRIMARY KEY (`id`),
  ADD KEY `ci_sessions_timestamp` (`timestamp`);

--
-- Indexes for table `company`
--
ALTER TABLE `company`
  ADD PRIMARY KEY (`id`);

--
-- Indexes for table `groups`
--
ALTER TABLE `groups`
  ADD PRIMARY KEY (`id`);

--
-- Indexes for table `information`
--
ALTER TABLE `information`
  ADD PRIMARY KEY (`id`);

--
-- Indexes for table `login_attempts`
--
ALTER TABLE `login_attempts`
  ADD PRIMARY KEY (`id`);

--
-- Indexes for table `new_rating`
--
ALTER TABLE `new_rating`
  ADD PRIMARY KEY (`id`);

--
-- Indexes for table `product`
--
ALTER TABLE `product`
  ADD PRIMARY KEY (`id`);

--
-- Indexes for table `product1`
--
ALTER TABLE `product1`
  ADD PRIMARY KEY (`id`);

--
-- Indexes for table `rating`
--
ALTER TABLE `rating`
  ADD PRIMARY KEY (`id`);

--
-- Indexes for table `status`
--
ALTER TABLE `status`
  ADD PRIMARY KEY (`id`);

--
-- Indexes for table `team`
--
ALTER TABLE `team`
  ADD PRIMARY KEY (`id`);

--
-- Indexes for table `users`
--
ALTER TABLE `users`
  ADD PRIMARY KEY (`id`);

--
-- Indexes for table `users_groups`
--
ALTER TABLE `users_groups`
  ADD PRIMARY KEY (`id`),
  ADD UNIQUE KEY `uc_users_groups` (`user_id`,`group_id`),
  ADD KEY `fk_users_groups_users1_idx` (`user_id`),
  ADD KEY `fk_users_groups_groups1_idx` (`group_id`);

--
-- AUTO_INCREMENT for dumped tables
--

--
-- AUTO_INCREMENT for table `company`
--
ALTER TABLE `company`
  MODIFY `id` int(11) NOT NULL AUTO_INCREMENT, AUTO_INCREMENT=4;
--
-- AUTO_INCREMENT for table `groups`
--
ALTER TABLE `groups`
  MODIFY `id` mediumint(8) UNSIGNED NOT NULL AUTO_INCREMENT, AUTO_INCREMENT=4;
--
-- AUTO_INCREMENT for table `information`
--
ALTER TABLE `information`
  MODIFY `id` int(11) NOT NULL AUTO_INCREMENT, AUTO_INCREMENT=4;
--
-- AUTO_INCREMENT for table `login_attempts`
--
ALTER TABLE `login_attempts`
  MODIFY `id` int(11) UNSIGNED NOT NULL AUTO_INCREMENT;
--
-- AUTO_INCREMENT for table `new_rating`
--
ALTER TABLE `new_rating`
  MODIFY `id` int(11) NOT NULL AUTO_INCREMENT;
--
-- AUTO_INCREMENT for table `product`
--
ALTER TABLE `product`
  MODIFY `id` int(11) NOT NULL AUTO_INCREMENT, AUTO_INCREMENT=5;
--
-- AUTO_INCREMENT for table `product1`
--
ALTER TABLE `product1`
  MODIFY `id` int(11) NOT NULL AUTO_INCREMENT, AUTO_INCREMENT=7;
--
-- AUTO_INCREMENT for table `rating`
--
ALTER TABLE `rating`
  MODIFY `id` int(11) NOT NULL AUTO_INCREMENT;
--
-- AUTO_INCREMENT for table `status`
--
ALTER TABLE `status`
  MODIFY `id` int(11) NOT NULL AUTO_INCREMENT, AUTO_INCREMENT=5;
--
-- AUTO_INCREMENT for table `team`
--
ALTER TABLE `team`
  MODIFY `id` int(11) NOT NULL AUTO_INCREMENT;
--
-- AUTO_INCREMENT for table `users`
--
ALTER TABLE `users`
  MODIFY `id` int(11) UNSIGNED NOT NULL AUTO_INCREMENT, AUTO_INCREMENT=6;
--
-- AUTO_INCREMENT for table `users_groups`
--
ALTER TABLE `users_groups`
  MODIFY `id` int(11) UNSIGNED NOT NULL AUTO_INCREMENT, AUTO_INCREMENT=570;
--
-- Constraints for dumped tables
--

--
-- Constraints for table `users_groups`
--
ALTER TABLE `users_groups`
  ADD CONSTRAINT `fk_users_groups_groups1` FOREIGN KEY (`group_id`) REFERENCES `groups` (`id`) ON DELETE CASCADE ON UPDATE NO ACTION,
  ADD CONSTRAINT `fk_users_groups_users1` FOREIGN KEY (`user_id`) REFERENCES `users` (`id`) ON DELETE CASCADE ON UPDATE NO ACTION;
COMMIT;

/*!40101 SET CHARACTER_SET_CLIENT=@OLD_CHARACTER_SET_CLIENT */;
/*!40101 SET CHARACTER_SET_RESULTS=@OLD_CHARACTER_SET_RESULTS */;
/*!40101 SET COLLATION_CONNECTION=@OLD_COLLATION_CONNECTION */;
